RESPONSIBILITY_NAME, APPLICATION_NAME, DESCRIPTION
1Sync Super User,Supply Chain Trading Connector for RosettaNet, Administrative rights to 1Sync
@Advanced Supply Chain Planner,Advanced Supply Chain Planning
@OPM Financials,Process Manufacturing Financials
@OPM Regulatory Administrator,Process Manufacturing Regulatory Management
@Release Management,Release Management
@Workflow User,Application Object Library
ABM Intelligence,Activity Based Management (Obsolete)
ABM Intelligence ADA,Activity Based Management (Obsolete)
ABM Manager,Activity Based Management (Obsolete)
ABM Supervisor,Activity Based Management (Obsolete)
ABM Web Reports,Activity Based Management (Obsolete)
ADI_PUBLIC_KIOSK_RESPONSIBILITY,Report Manager
AK Developer,Shipping Execution
AME Application Administrator,Oracle iProcurement
AME General Business User,Oracle iProcurement
AME Limited Business User,Oracle iProcurement
AMV_SUPERUSER,Marketing Encyclopedia System
AMV_USER,Marketing Encyclopedia System
APS Collections,Advanced Supply Chain Planning
APS Release,Advanced Supply Chain Planning
AR Trade Accounting,Receivables
AR Trade Accounting GUI,Receivables
AST_DEMO,TeleSales
AX CE beta9 Main SOB-USD,Cash Management
AX Cost Management,Global Accounting Engine
AX Developer,Global Accounting Engine
AX General Ledger Supervisor,Global Accounting Engine
AX General Ledger User,Global Accounting Engine
AX General Ledger User MRC,Global Accounting Engine
AX Inventory,Global Accounting Engine
AX Inventory User,Global Accounting Engine
AX Payables Supervisor,Global Accounting Engine
AX Payables User,Global Accounting Engine
AX Payables User MRC,Global Accounting Engine
AX Payables UserRiju1,Global Accounting Engine
AX Payables UserRiju6,Global Accounting Engine
AX Receivables Supervisor,Global Accounting Engine
AX Receivables User,Global Accounting Engine
AX Receivables User MRC,Global Accounting Engine
Account Manager,Trade Management
Administrator YEA,Payroll
Advanced Outbound Administrator,Advanced Outbound Telephony
Advanced Outbound Concurrent Requests,Advanced Outbound Telephony
Advanced Outbound Performance Monitor,Advanced Outbound Telephony
Advanced Outbound Performance Monitor - old,Advanced Outbound Telephony
Advanced Outbound Seed Data Administrator,Advanced Outbound Telephony
Advanced Outbound Self Service Setup Administrator,Advanced Outbound Telephony
Advanced Outbound Self Service Setup And Administration,Advanced Outbound Telephony
Advanced Outbound-Marketing Combined Responsibility,Advanced Outbound Telephony
Advanced Planning Administrator,Advanced Supply Chain Planning
Advanced Planning DRP Planner,Advanced Supply Chain Planning
Advanced Planning MPS Planner,Advanced Supply Chain Planning
Advanced Planning MRP Planner,Advanced Supply Chain Planning
Advanced Planning SRO Planner,Advanced Supply Chain Planning
Advanced Planning Scenario Manager,Advanced Supply Chain Planning
Advanced Supply Chain Planner,Advanced Supply Chain Planning
Ak Html Forms,Common Modules-AK
Alert Manager,Alert
Application Developer,Application Object Library
Application Diagnostics,Application Object Library
Application Search Administrator,Application Object Library
Approvals Management Administrator,Human Resources
Approvals Management Business Analyst,Human Resources
Apps for the Web Manager,Oracle iProcurement
Argentine Fixed Assets,Latin America Localizations
Argentine General Ledger,Latin America Localizations
Argentine Order Entry,Latin America Localizations
Argentine Order Management,Latin America Localizations
Argentine Payables,Latin America Localizations
Argentine Receivables,Latin America Localizations
Asset Inquiry,Assets
Asset Tracking,Asset Tracking
Asset Tracking - Planner,Asset Tracking
Asset Tracking Super User,Asset Tracking
Audience Administrator,Marketing
Audience User,Marketing
Audit Manager SSW Administrator,Internal Controls Manager
Auditing Manager,Application Object Library
Australia Inventory Manager - Obsolete,Inventory
Australia Purchasing Manager - Obsolete,Purchasing
Australian Assets,Asia/Pacific Localizations
Australian HRMS Manager,Human Resources
Australian Inventory,Asia/Pacific Localizations
Australian Payables,Asia/Pacific Localizations
Australian Purchasing,Asia/Pacific Localizations
Austrian AP Localizations,European Localizations
Austrian GL Localizations,European Localizations
Automotive,Automotive Integration Kit (Obsolete)
Automotive Manager,Automotive
BIC Performance Management Framework,Customer Intelligence (obsolete)
BIC Preferences,Customer Intelligence (obsolete)
BIC_REPORTS_ADMIN,Customer Intelligence (obsolete)
BIS Super User,Applications BIS
Balanced Scorecard Manager,Balanced Scorecard
Balanced Scorecard Supervisor,Balanced Scorecard
Bank Reconciliation,Cash Management
Belgian AP Localizations,European Localizations
Belgian AR Localizations,European Localizations
Belgian GL Localizations,European Localizations
Belgium HRMS Manager,Human Resources
Benefits Manager,Human Resources Intelligence
Bill Presentment Super User,Receivables
Bill Presentment User,Receivables
Bills of Material,Bills of Material
Brazilian General Information,Latin America Localizations
Brazilian General Ledger,Latin America Localizations
Brazilian Inventory,Latin America Localizations
Brazilian Order Entry,Latin America Localizations
Brazilian Order Management,Latin America Localizations
Brazilian Payables,Latin America Localizations
Brazilian Purchasing,Latin America Localizations
Brazilian Receivables,Latin America Localizations
Business Process Owner,Internal Controls Manager
Business Unit Certifier,Internal Controls Manager
Business Views Setup,Application Object Library
Business Views Setup BIS,Applications BIS
CA HR MANAGER,Human Resources
CA HRMS Manager,Human Resources
CA Payroll Manager,Human Resources
CA Super HRMS Manager,Human Resources
CADView-3D Admin,CADView-3D
CADView-3D Administration,CADView-3D
CADView-3D User,CADView-3D
CCT_WEBPHONE_DEMO_RESP,Telephony Manager
CF Inventory,Inventory
CH HR Manager,Human Resources
CH HRMS Manager,Human Resources
CH Payroll Manager,Human Resources
CI System Administrator,Customer Intelligence (obsolete)
CIC Administrator,Citizen Interaction Center
CM,Partner Management
CRL 11i Projects,Capital Resource Logistics - Projects
CRL Assets Manager,Capital Resource Logistics - Assets
CRM Administrator,CRM Foundation
CRM Application Foundation User,CRM Foundation
CRM Business User,CRM Foundation
CRM ETF Administration,CRM Foundation
CRM Employee,CRM Foundation
CRM Employee (Advanced),CRM Foundation
CRM HTML Administration,CRM Foundation
CRM HTML DEVELOPER,CRM Foundation
CRM Individual User,CRM Foundation
CRM Obsolete User Registration,CRM Foundation
CRM Portlets,CRM Foundation
CRM Primary User,CRM Foundation
CRM Resource Manager,CRM Foundation
CRM Task Manager,CRM Foundation
CRM User Management,CRM Foundation
CRM Wireless Contacts,CRM Foundation
CS KB System Admin,Service
CSAA_Responsibiliy,Service
CSC Customer Profile Test,Customer Care
CSS_DEF_ALL - Obsolete,Support (obsolete)
CSS_DEF_ALL_ADM - Obsolete,Support (obsolete)
CS_IB_NORMAL_USER,Service
CS_SERVICE_REQUEST_VIEW,Service
CUG_GUEST_USER,Citizen Interaction Center
CUG_INDIVIDUAL_USER,Citizen Interaction Center
Call Center Administration,Telephony Manager
Call Center Diagnostic Tools,Telephony Manager
Call Center HTML Administration,Telephony Manager
Call Center Intelligence,Telephony Manager
Call Center Server Administration,Universal Work Queue
Campaign Workbench Super User,Marketing
Canadian Payables,Asia/Pacific Localizations
Canadian Purchasing,Asia/Pacific Localizations
Candidate Offers,Oracle iProcurement
Capacity Planner,Capacity
Case Worker,Service
Cash Accountant,Cash Management
Cash Analyst,Cash Management
Cash Forecasting,Cash Management
Cash Management Back Office Administrator,Cash Management
Cash Management Manager,Cash Management
Cash Management Master User,Cash Management
Cash Management Notifications,Cash Management
Cash Management Setup,Cash Management
Cash Management Superuser,Cash Management
Cash Management-Payroll,Cash Management
Cash Manager,Cash Management
Cash Manager - Web,Cash Management
Channel Administrator,Partner Management
Channel Manager,Partner Management
Chief Executive Officer,Applications BIS
Chief Executive Officer (CEO),Sales Online
Chief Financial Officer,Oracle iProcurement
Chief HR Officer,Human Resources Intelligence
Chief Operating Officer,Oracle iProcurement
Chilean Fixed Assets,Latin America Localizations
Chilean General Ledger,Latin America Localizations
Chilean Payables,Latin America Localizations
Chilean Purchasing,Latin America Localizations
Chilean Purchasing Manager,Latin America Localizations
Chilean Receivables,Latin America Localizations
China Accounting Data Interface,Asia/Pacific Localizations
China Employee Self Service,Human Resources
China HRMS Manager,Human Resources
Chinese Assets,Asia/Pacific Localizations
Chinese General Ledger,Asia/Pacific Localizations
Chinese Payables,Asia/Pacific Localizations
Chinese Receivables,Asia/Pacific Localizations
Collections Administrator,Collections
Collections Administrator HTML,Collections
Collections Agent,Collections
Collections Agent HTML,Collections
Collections Forms Administrator,Collections
Collections Leasing Administrator,Collections
Collections Leasing Agent,Collections
Collections Manager,Collections
Collections Manager HTML,Collections
Collections Manager Old,Collections
Collections OAFramework,Collections
Collections Old Administrator,Collections
Colombia Manufacturing,Bills of Material
Colombia Manufacturing,Cost Management
Colombian Fixed Assets,Latin America Localizations
Colombian General Ledger,Latin America Localizations
Colombian Inventory,Latin America Localizations
Colombian Oracle Inventory,Latin America Localizations
Colombian Payables,Latin America Localizations
Colombian Receivables,Latin America Localizations
Commodity Manager,Purchasing Intelligence
Company Administrator,CRM Self Service Administration
Compensation Analyst,Incentive Compensation
Compensation Manager,Incentive Compensation
Compensation Workbench for Administrators,Advanced Benefits
Compensation Workbench for Managers,Advanced Benefits
Complex MRO Data Clerk,Complex Maintenance Repair and Overhaul
Complex MRO Material Marshalling User,Complex Maintenance Repair and Overhaul
Complex MRO OSP User,Complex Maintenance Repair and Overhaul
Complex MRO Super User,Complex Maintenance Repair and Overhaul
Complex MRO Technician,Complex Maintenance Repair and Overhaul
Complex MRO Transit Technician,Complex Maintenance Repair and Overhaul
Complex MRO User,Complex Maintenance Repair and Overhaul
Configurator Administrator,Configurator
Configurator Developer,Configurator
Consolidation Manager,Financial Consolidation Hub
Content Approver,Content Manager
Content Creator,Content Manager
Content Management Super User,Content Manager
Content Manager Self Service Responsibility,Content Manager
Content Manager Super User,Content Manager
Content Translator,Content Manager
Content User,Content Manager
Contingent Worker Self-Service,Human Resources
Contract Commitment Super User,Contract Commitment
Contract Commitment User,Contract Commitment
Contract Expert Administrator,Contracts Core
Contracts Intelligence EUL Administrator,Contracts Intelligence
Contracts Intelligence Manager,Contracts Intelligence
Contracts Intelligence Workbook Administrator,Contracts Intelligence
Contracts Intelligence Workbook User,Contracts Intelligence
Contracts Terms Library Administrator,Contracts Core
Contracts Terms Setup,Contracts Core
Contracts Workbench Administrator,Contracts Core
Contracts Workbench User,Contracts Core
Corporate Performance Management Intelligence,Enterprise Performance Foundation
Cost Center Manager (obsoleted),Financial Intelligence
Cost Center Manager Old (Obsoleted),Financial Intelligence
Cost Management,Bills of Material
Cost Management - SLA,Cost Management
Cost Management GUI (No View),Bills of Material
Cost Management GUI for Brazil,Bills of Material
Credit Card Processing Analytics,Payments
Credit Management Super User,Receivables
Credit Management User,Receivables
Credit Scheduler,Receivables
Croatian AP Localizations,European Localizations
Croatian AR Localizations,European Localizations
Customer Care,Customer Care
Customer Care,Service
Customer Care - Intelligence,Service
Customer Intelligence,Customer Intelligence (obsolete)
Customer Intelligence Collection Manager,Customer Intelligence (obsolete)
Customer Intelligence Tester,Customer Intelligence (obsolete)
Customer Intelligence User,Customer Intelligence (obsolete)
Customer Intelligence Wireless,Customer Intelligence (obsolete)
Customer Intelligence [Long List],Customer Intelligence (obsolete)
Customer Intelligence [Short List],Customer Intelligence (obsolete)
Customer Options,Oracle iProcurement
Customer Registration,Oracle iProcurement
Customer Services (Full Access),Oracle iProcurement
Customer Services (by Customer Contact),Oracle iProcurement
Customer Services (by Customer),Oracle iProcurement
Customer Support,Support (obsolete)
Customer Support Manager,Service Intelligence
Customer Support Specialist,Service
Customer Support Test,Support (obsolete)
Customer and Supplier Maintenance,Human Resources
Customizing Look and Feel Administrator,Application Object Library
Czech AP Localizations,European Localizations
Czech AR Localizations,European Localizations
Czech GL Localizations,European Localizations
DDC Shipping,Shipping Execution
DEMS Administrator,Support (obsolete)
DEMS Lookups and Concurrent Programs,Support (obsolete)
DEMS Product Administrator - Obsolete,Support (obsolete)
DEMS Read Only User,Support (obsolete)
DEMS User,Support (obsolete)
DMS Defect User - Obsolete,Support (obsolete)
DMS Product Administrator - Obsolete,Support (obsolete)
DMS System Administrator - Obsolete,Support (obsolete)
DMS regular user - Obsolete,Support (obsolete)
Daily Business Intelligence Administrator,Applications BIS
Daily Business Intelligence Designer,Applications BIS
Daily Commodity Intelligence,Purchasing Intelligence
Daily Compliance Intelligence,Internal Controls Manager
Daily Customer Support Intelligence,Service Intelligence
Daily Customer and Product Intelligence,Supply Chain Intelligence
Daily Depot Repair Intelligence,Supply Chain Intelligence
Daily Field Service Intelligence,Supply Chain Intelligence
Daily Financials Intelligence,Financial Intelligence
Daily Fulfillment Intelligence,Supply Chain Intelligence
Daily HR Intelligence,Human Resources Intelligence
Daily Interaction Center Intelligence,Interaction Center Intelligence
Daily Inventory Intelligence,Operations Intelligence
Daily Maintenance Intelligence,Supply Chain Intelligence
Daily Manufacturing Intelligence,Operations Intelligence
Daily Marketing Intelligence,Marketing Intelligence
Daily Payables Intelligence,Financial Intelligence
Daily Planning Intelligence,Supply Chain Intelligence
Daily Procurement Intelligence,Purchasing Intelligence
Daily Procurement Spend Intelligence,Purchasing Intelligence
Daily Product Cost Intelligence,Operations Intelligence
Daily Product Intelligence,Product Intelligence
Daily Project Intelligence,Project Intelligence
Daily Quoting Intelligence,Order Capture
Daily Receivables Intelligence,Financial Intelligence
Daily Sales Agreement Intelligence,Supply Chain Intelligence
Daily Sales Intelligence,Sales Intelligence
Daily Service Contracts Intelligence,Contracts Intelligence
Daily Sourcing Intelligence,Purchasing Intelligence
Daily Supply Chain Intelligence,Supply Chain Intelligence
Daily Transportation Intelligence,Supply Chain Intelligence
Daily Warehouse Intelligence,Operations Intelligence
Daily eCommerce Intelligence,iStore
Danish AP Localizations,European Localizations
Danish AR Localizations,European Localizations
Danish GL Localizations,European Localizations
Data Migrator,Human Resources
Default Partner User,Partner Management
Demand Analyst,Demand Planning
Demand Management System Administrator,Demand Planning
Demand Plan Manager,Demand Planning
Demand Plan Manager Self Service,Demand Planning
Demand Plan Viewer,Demand Planning
Demand Plan Viewer Self Service,Demand Planning
Demand Planner,Demand Planning
Demand Planner Self Service,Demand Planning
Demand Planning Administrator,Demand Planning
Demand Planning Administrator Self Service,Demand Planning
Demand Planning Integration Administrator,Demand Planning
Demand Planning System Administrator,Demand Planning
Demantra Component Owner System Administrator,Demand Planning
Denmark HRMS Manager,Human Resources
Department Manager,Human Resources Intelligence
Depot Repair Engineer,Depot Repair
Depot Repair Manager,Supply Chain Intelligence
Depot Repair Super User,Depot Repair
Desktop Integration,Web Applications Desktop Integrator
Desktop Integrator,Web Applications Desktop Integrator
Development Engineer,Advanced Product Catalog
Development Manager,Advanced Product Catalog
Disclosure Committee,Internal Controls Manager
Discoverer Catalog,Applications BIS
Discoverer EUL Management,Applications BIS
Dispensing Operator,Manufacturing Execution System for Process Manufacturing
Distribution Planner,Advanced Supply Chain Planning
Distribution Planner,Master Scheduling/MRP
Distribution SuperUser Test,Inventory
Documentation,Oracle iProcurement
Dummy- iSupplier Portal - Discard,iSupplier Portal
Dynamic Reports User,Telephony Manager
E-Business Intelligence Alerting,Applications BIS
EDI Manager(Singapore),e-Commerce Gateway
EDI Transmissions (Full Access),Oracle iProcurement
EDI Transmissions (by Customer),Oracle iProcurement
ERES Admin Temp,E-Records
ERES Administrator,E-Records
ERES Developer,E-Records
ERES Security Administrator,E-Records
ERES Super User,E-Records
ERES Web Approval Manager,E-Records
ERES Web Developer,E-Records
ERES Web Security Administrator,E-Records
ERES Web Super User,E-Records
ERES Web User,E-Records
ES HRMS Manager,Human Resources
ETF FOUNDATION ADMINISTRATION,CRM Foundation
ETF FOUNDATION DEVELOPER,CRM Foundation
EUL,Applications BIS
Effort Report Notification,Labor Distribution
Email Center 11ix Concurrent Program Administrator,Email Center
Email Center Administrator,Email Center
Email Center Administrator Old,Email Center
Email Center Agent Console,Email Center
Email Center Client,Email Center
Email Center Concurrent Program Administrator,Email Center
Email Center Development Utility,Email Center
Email Center Manager,Interaction Center Intelligence
Email Center Message Component,Email Center
Email Center Next Gen Concurrent Program Administrator,Email Center
Email Center Operations Manager,Email Center
Email Center Standalone Monitoring Administration,Email Center
Email Center Supervisor,Email Center
Employee Self Service,Oracle iProcurement
Employee Self Service V3,Human Resources
Employee Self-Service,Human Resources
Employee Self-Service Foundation,Human Resources
Employee YEA,Payroll
Engineering,Engineering
Engineering Manager,Product Intelligence
"Engineering, Vision Project Mfg (MRC)",Engineering
Enterprise Asset Management,Enterprise Asset Management
Enterprise Performance Foundation Administrator,Enterprise Performance Foundation
Enterprise Performance Foundation Environment Administrator,Enterprise Performance Foundation
Enterprise Planning and Budgeting Analyst,Enterprise Planning and Budgeting
Enterprise Planning and Budgeting Business Process Administrator,Enterprise Planning and Budgeting
Enterprise Planning and Budgeting Controller,Enterprise Planning and Budgeting
Enterprise Planning and Budgeting Schema Administrator (OBSOLETE),Enterprise Planning and Budgeting
Enterprise Planning and Budgeting Security Administrator,Enterprise Planning and Budgeting
Entity Controller,Financial Consolidation Hub
Events and Seminars,Oracle iProcurement
"Excess and Obsolescence, Liability Manager",Demand Planning
"Excess and Obsolescence, Liability Planner",Demand Planning
"Excess and Obsolescence, Liability Planning System Administrator",Demand Planning
Executive Overview,Oracle iProcurement
Expense Reports,Oracle iProcurement
FIMSOB PO,Purchasing
FND Html Forms,Application Object Library
FND Search Crawler,Application Object Library
FR HRMS Manager,Human Resources
FTP Supervisor,Transfer Pricing
FTP User,Transfer Pricing
Federal Administrator,Federal Financials
Field Sales Representative,Sales Foundation
Field Sales Representative,CRM Foundation
Field Sales/Laptop Super User,Sales Offline
Field Service Administrator,Field Service
Field Service Administrator Portal,Field Service
Field Service Dispatcher,Field Service
Field Service Manager,Supply Chain Intelligence
Field Service Manager,Field Service
Field Service Representative,Field Service
Field Service Technician Portal,Field Service
Financial Aid Super User,Student System
Financial Information System (Obsoleted),Financial Intelligence
Financial Statement Certification Analysis,Internal Controls Manager
Financial Statement Generator Portlets (Obsoleted),Financial Intelligence
Financials Intelligence (Obsoleted),Applications BIS
Financials Intelligence - Enterprise Data Warehouse,Financial Intelligence
Financials Intelligence - unused (Obsoleted),Financial Intelligence
Financing Manager (Obsolete),Payments
Financing Personal Guarantor (Obsolete),Payments
Finland HRMS Manager,Human Resources
Finnish AP Localizations,European Localizations
Finnish AR Localizations,European Localizations
Finnish GL Localizations,European Localizations
Fixed Assets Administrator,Assets
Fixed Assets Integrator,Assets
Fixed Assets Manager,Assets
Flow Execution Workstation,Flow Manufacturing
Flow Manufacturing,Bills of Material
Flow Sequencing and Execution,Flow Manufacturing
Fnd Security Administration,Application Object Library
Forecast Update Inquiries,Oracle iProcurement
Formulation Chemist,Process Manufacturing Product Development
Formulator,Process Manufacturing Product Development
French AP Localizations,European Localizations
French GL Localizations,European Localizations
French HRMS Manager,Human Resources
Fulfillment Test Harness Tool,CRM Foundation
Functional Administrator,Application Object Library
Functional Developer,Application Object Library
Funds Capture Process Manager,Payments
Funds Capture Setup Administrator,Payments
Funds Disbursement Process Manager,Payments
Funds Disbursement Setup Administrator,Payments
GL Testing,General Ledger
GR Limited Access,Process Manufacturing Regulatory Management
General Information,Oracle iProcurement
General Ledger Budget Supervisor,General Ledger
General Ledger Budget User,General Ledger
General Ledger CENTRA Subsidiary Super User,General Ledger
General Ledger CENTRA User,General Ledger
General Ledger Controller,General Ledger
General Ledger EURO Super User,General Ledger
General Ledger EURO User,General Ledger
General Ledger Super User,General Ledger
General Ledger Supervisor,General Ledger
General Ledger User,General Ledger
German AP Localizations,European Localizations
German AR Localizations,European Localizations
German GL Localizations,European Localizations
German HR Manager,Human Resources
German Public Sector HRMS Manager,Human Resources
Global Assets Information,Oracle iProcurement
Global Assets Inquiry,Assets
Global Benefits Manager,Advanced Benefits
Global Consolidation System Super User,General Ledger
Global Consolidation System User,General Ledger
Global HR Manager,Human Resources
Global HRMS Manager,Human Resources
Global Intercompany System Super User,General Ledger
Global Intercompany System User,General Ledger
Global Interfund System Supre User,General Ledger
Global Interfund System User,General Ledger
Global OTL Administrator,Time and Labor Engine
Global OTL Application Developer,Time and Labor Engine
Global Operations Controller,Internal Controls Manager
Global Payroll Manager,Human Resources
Global SLA/Payroll Manager,Payroll
Global Super HRMS Manager,Human Resources
Global Time and Labor Rules Manager,Time and Labor
Global Warehouse Administrator,Applications BIS
Golden Tax Adaptor (Mainland China Only),Supply Chain Localizations
Grants Accounting Super User,Grants Accounting
Grants Proposal Super User,Grants Proposal
Greek AP Localizations,European Localizations
Greek AR Localizations,European Localizations
Greek FA Localizations,European Localizations
Greek GL Localizations,European Localizations
Greek Gene Ledger,European Localizations
HR Foundation,Human Resources
HR Help Desk Self Service,Human Resources
HR Line Manager,Human Resources Intelligence
HR Professional V4.0,Human Resources
HR SELF Service Dummy,Human Resources
HR Web Administrator,Oracle iProcurement
HRMS Ad-Hoc Reporting - Administrator,Human Resources
HRMS Configuration Workbench,Human Resources
HRMS Localization Seed Data Entry,Human Resources
HU HRMS Manager,Human Resources
Hong Kong HRMS Manager,Human Resources
Human Capital Management Analyst (Manager),Human Resources Intelligence
Human Capital Management Analyst (Organization),Human Resources Intelligence
Human Resources Intelligence - Administrator (OLTP),Human Resources Intelligence
Human Resources Intelligence - Analytics User,Human Resources Intelligence
Human Resources Intelligence - Embedded Data Warehouse,Human Resources Intelligence
Human Resources Intelligence - End User,Human Resources Intelligence
Human Resources Intelligence - Old Menu - OBSOLETED,Applications BIS
Hungarian AP Localizations,European Localizations
Hungarian AR Localizations,European Localizations
Hungarian GL Localizations,European Localizations
IBE_CUSTOMER,iStore
IBU Test,iSupport
IBU_A_ROOT,iSupport
IBU_PRIMARY_USER,iSupport
IE HR Manager,Human Resources
IE HRMS Manager,Human Resources
IE Payroll Manager,Human Resources
IE SHRMS Manager,Human Resources
IEC_DEMO,Advanced Outbound Telephony
IGC Superuser,Contract Commitment
IGS Security Administrator,Student System
IGS_FA_ISIR_ADMIN,Student System
IT Auditor,Information Technology Audit
IT HRMS Manager,Human Resources
ITM Adapter Super User,Shipping Execution
Implementation Financials,Application Implementation
Implementation Human Resources,Application Implementation
Implementation Manufacturing,Application Implementation
Implementation Process Manufacturing,Application Implementation
Implementation Sales and Service,Application Implementation
Implementation System Administration,Application Implementation
Inbound Telephony Manager,Interaction Center Intelligence
Incentive Compensation Administrator,Incentive Compensation
Incentive Compensation Analyst,Incentive Compensation
Incentive Compensation Developer,Incentive Compensation
Incentive Compensation Payment,Incentive Compensation
Incentive Compensation Reports,Incentive Compensation
Incentive Compensation Super User,Incentive Compensation
Incentive Compensation User (Manager Self Service),Incentive Compensation
Incentive Compensation User (Self Service),Incentive Compensation
Incentive Planning Analyst,Incentive Compensation
Incentive Planning Contract Approver,Incentive Compensation
Incentive Planning Finance Manager,Incentive Compensation
Incentive Planning Sales Manager,Incentive Compensation
Incidents Administrator,Internal Controls Manager
Incidents Analyst,Internal Controls Manager
India Employee Self Service,Human Resources
India HRMS Manager,Human Resources
India Local Fixed Assets,Asia/Pacific Localizations
India Local Inventory,Asia/Pacific Localizations
India Local OPM Inventory,Asia/Pacific Localizations
India Local OPM Logistics,Asia/Pacific Localizations
India Local OPM Production Supervisor,Asia/Pacific Localizations
India Local OPM System Administration,Asia/Pacific Localizations
India Local Order Management,Asia/Pacific Localizations
India Local Payables,Asia/Pacific Localizations
India Local Project Billing,Asia/Pacific Localizations
India Local Purchasing,Asia/Pacific Localizations
India Local Receivables,Asia/Pacific Localizations
India Local iProcurement,Asia/Pacific Localizations
India Local iSupplier,Asia/Pacific Localizations
India Professional User Self Service,Human Resources
Info Online Administrator,Human Resources
Info Online User,Human Resources
Information Technology Audit Super User (Forms),Information Technology Audit
Integrated SOA Gateway,Application Object Library
Integration Contracts Manager,Contracts Integration
Integrations Administrator,Inventory
Interaction Blending Administrator,Interaction Blending
Interaction Center Administrator,Interaction Center Technology
Interaction Center Intelligence Administrator,Interaction Center Intelligence
Interaction Center Intelligence Administrator Apps,Interaction Center Intelligence
Interaction Center Intelligence Administrator HTML,Interaction Center Intelligence
Interaction Center Intelligence Alerts & Notifications,Interaction Center Intelligence
Interaction Center Intelligence Collection Manager,Interaction Center Intelligence
Interaction Center Intelligence User,Interaction Center Intelligence
Interaction Center Intelligence User Apps,Interaction Center Intelligence
Interaction Center Intelligence User HTML,Interaction Center Intelligence
Interaction Center Server Log Viewer,Interaction Center Technology
Interaction Center Server Manager,Interaction Center Technology
Interaction History,CRM Foundation
Interaction History Data Import,CRM Foundation
Interaction History Data Purge,CRM Foundation
Interaction History JSP Admin,CRM Foundation
Interaction History JSP User,CRM Foundation
Interaction History Migration,CRM Foundation
Interaction History Self Service,CRM Foundation
Intercompany Super User,Financials Common Modules
Intercompany User,Financials Common Modules
Interface Data Transformer Super User,Financial Consolidation Hub
Internal Auditor,Internal Controls Manager
Internal Controls Manager Super User(Forms),Internal Controls Manager
Internal Controls Manager Super User(SSW),Internal Controls Manager
Internet Customer Portal Analyst,Order Management
Internet Customer Portal User,Order Management
Internet Expenses,Payables
Internet Expenses Audit Manager,Payables
Internet Expenses Auditor,Payables
Internet Expenses Help Desk,Payables
Internet Expenses Reporting and Analysis,Payables
Internet Expenses Setup and Administration,Payables
Internet Procurement Connector,Internet Procurement Enterprise Connector
Invention Submitter,Contracts for Rights (Obsolete)
Inventory,Inventory
Inventory Analyst,Advanced Supply Chain Planning
Inventory Cost Groups,Inventory
Inventory Item,Inventory
Inventory Planner,Advanced Supply Chain Planning
"Inventory, Vision ADB (USA)",Inventory
"Inventory, Vision Distribution (SNG)",Inventory
"Inventory, Vision Enterprises",Inventory
"Inventory, Vision Operations (USA)",Inventory
"Inventory, Vision Project Mfg (MRC)",Inventory
"Inventory, Vision Services (USA)",Inventory
Israeli AP Localizations,European Localizations
Israeli AR Localizations,European Localizations
Israeli GL Localizations,European Localizations
Italian AP Localizations,European Localizations
Italian AR Localizations,European Localizations
Italian AX_GL,Global Accounting Engine
Italian GL Localizations,European Localizations
Item Manager,Advanced Product Catalog
Item/Category Details,Oracle iProcurement
JP Benefits Manager Obsolete,Advanced Benefits
JP HR Manager Obsolete,Human Resources
JP HRMS Manager,Human Resources
JP PAY Manager Obsolete,Human Resources
JP SHRMS Manager Obsolete,Human Resources
JTA_UMX_ANONYMOUS_USER,CRM Foundation
JTF BIS Report Test,Marketing Intelligence
JTF Calendar,CRM Foundation
JTF Default User Responsibility,CRM Foundation
JTF Demonstrator,CRM Foundation
JTF HA Responsibility,CRM Foundation
JTF HTML Calendar User,CRM Foundation
JTFW_ADMIN,CRM Foundation
JTF_FM_ADMINISTRATOR,CRM Foundation
JTF_FM_AGENT_RESP,CRM Foundation
JTF_FM_OPERATION_MANAGER,CRM Foundation
JTF_FM_QC_ADMIN,CRM Foundation
JTF_FM_SYSTEM_MANAGER,CRM Foundation
JTF_FM_TEMPLATE_MANAGER,CRM Foundation
JTM ONLINE USER,Mobile Application Foundation
KH BIS SOB2,Application Implementation
KR HRMS Manager,Human Resources
Knowledge Administrator,Service
Knowledge Agent,Service
Knowledge Worker,Service
Korean Assets,Asia/Pacific Localizations
Korean Payables,Asia/Pacific Localizations
Korean Receivables,Asia/Pacific Localizations
Kuwait HRMS Manager,Human Resources
LD SuperUser,Labor Distribution
Landed Cost Management,Oracle Landed Cost Management
Lead Management KPI,Marketing Intelligence
Lead Share Administrator,Sales Online
Learner Manager,Learning Management
Learner Self-Service,Learning Management
Learning Administrator,Learning Management
Learning Instructor Self-Service,Learning Management
Lease Account Receivable,Leasing and Finance Management
Lease Accounts,Leasing and Finance Management
Lease Accounts Controller,Leasing and Finance Management
Lease Accounts Payable,Leasing and Finance Management
Lease Administrator,Leasing and Finance Management
Lease Asset Manager,Leasing and Finance Management
Lease Center Administrator,Leasing and Finance Management
Lease Center Agent,Leasing and Finance Management
Lease Center Manager,Leasing and Finance Management
Lease Contract Administrator,Leasing and Finance Management
Lease Contracts Manager,Leasing and Finance Management
Lease Customer Self Service,Leasing and Finance Management
Lease Operations Manager,Leasing and Finance Management
Lease Portfolio Manager,Leasing and Finance Management
Lease Sales Manager,Leasing and Finance Management
Lease Super User,Leasing and Finance Management
Lease Terminations,Leasing and Finance Management
Lease Vendor Self Service,Leasing and Finance Management
Legacy Training Administrator,Learning Management
Legal Advisor (Obsolete),Payments
Legal Entity Administrator,Legal Entity Configurator
Legal Entity Manager,Legal Entity Configurator
Library Manager,Internal Controls Manager
Line Manager,Human Resources Intelligence
Loan Administration,Loans
Loan Management,Loans
M4U Demand Side User,Supply Chain Trading Connector for RosettaNet
MES Administrator,Work in Process
MES Operator,Work in Process
MES Supervisor,Work in Process
MES for Process Manufacturing Administrator,Manufacturing Execution System for Process Manufacturing
MNS_TEST,Process Manufacturing Intelligence
MRC Budget Super User,Public Sector Budgeting
MRC Fixed Assets Manager,Assets
MRC Payables Manager,Payables
MRC Projects Billing Manager,Projects
MRC Projects Costing Manager,Projects
MRC Purchasing Manager,Purchasing
MRC Receivables Manager,Receivables
MWA Server Manager,Mobile Applications
Maintenance Manager,Supply Chain Intelligence
Maintenance Super User,Enterprise Asset Management
Maintenance User Workbench,Enterprise Asset Management
Manager (Obsoleted),Financial Intelligence
Manager Self Service,Oracle iProcurement
Manager Self Service V3,Human Resources
Manager Self-Service,Human Resources
Manager Self-Service Foundation,Human Resources
Manufacturing Engineer,Advanced Product Catalog
Manufacturing Intelligence - Enterprise Data Warehouse,Operations Intelligence
Manufacturing Intelligence Site Warehouse Administrator,Operations Intelligence
Manufacturing Operations Center Administrator,Oracle Manufacturing Operations Center
Manufacturing Operations Center User,Oracle Manufacturing Operations Center
Manufacturing Scheduler,Manufacturing Scheduling
Manufacturing Scheduling,Manufacturing Scheduling
Marketing Administrator,Marketing
Marketing DBI Collection Manager,Marketing Intelligence
Marketing Intelligence Administrator,Marketing Intelligence
Marketing Intelligence Alerts & Notifications,Marketing Intelligence
Marketing Intelligence Collection Manager,Marketing Intelligence
Marketing Intelligence Preferences,Marketing Intelligence
Marketing Intelligence Workbooks,Marketing Intelligence
Marketing Intelligence [Long List],Marketing Intelligence
Marketing Intelligence [Short List],Marketing Intelligence
Marketing Management KPI,Marketing Intelligence
Marketing Manager,Marketing Intelligence
Marketing Online Executive,Marketing
Marketing User,Marketing
Mass Timecard Approval,Time and Labor Engine
Material Planner,Master Scheduling/MRP
Material Planner for AX,Master Scheduling/MRP
Mexican Fixed Assets,Latin America Localizations
Mexico HR Manager,Human Resources
Mexico HRMS Manager,Human Resources
Mobile Administrator,Mobile Application Foundation
Mobile Application Administration,Mobile Application Foundation
Mobile Application Developement,Mobile Application Foundation
Mobile Field Sales User,Sales Offline
Mobile Field Service Administrator,Mobile Application Foundation
Mobile Field Service Developer,Mobile Application Foundation
Mobile Field Service Sync Activity Monitor,Mobile Application Foundation
Mobile Field Service User,Mobile Application Foundation
NL HRMS Manager,Human Resources
NP Customer Care Administrator,Number Portability
NP Sys Admin,Number Portability
NP System Administrator,Number Portability
Net Change Exceptions,Advanced Supply Chain Planning
Netherlands AP Localizations,European Localizations
Netherlands GL Localizations,European Localizations
Network Logistics,Network Logistics - NATS (obsolete)
New Employee Benefits Registration,Oracle iProcurement
New User Registration,Advanced Benefits
New Zealand HRMS Manager,Human Resources
Norway HRMS Manager,Human Resources
Norwegian AP Localizations,European Localizations
Norwegian AR Localizations,European Localizations
Norwegian GL Localizations,European Localizations
OA Framework Install Test,Application Object Library
OA Framework ToolBox Tutorial,Common Modules-AK
OA Framework ToolBox Tutorial Labs,Common Modules-AK
OAM EM Service Monitor,Application Object Library
OAM Patch History,System Administration
OAM Read Only Mode,System Administration
OBSOLETE - Argentine General Ledger,Latin America Localizations
OBSOLETE - Brazilian General Ledger,Latin America Localizations
OCM Creator,Content Manager
OCMSU,Content Manager
OHM  Customer Manager,Hosting Manager(Obsolete)
OHM  IT Administrator (Service Provider),Hosting Manager(Obsolete)
OHM Business Administrator (Customer),Hosting Manager(Obsolete)
OHM Business Administrator (Service Provider),Hosting Manager(Obsolete)
OHM Business Prospect (Customer),Hosting Manager(Obsolete)
OHM Superuser,Hosting Manager(Obsolete)
OHM System Aministrator (Service Provider),Hosting Manager(Obsolete)
OKC Define Business Document Events Responsibility,Contracts Core
OKR_FORM_USER,Contracts for Rights (Obsolete)
OKR_GUEST_USER,Contracts for Rights (Obsolete)
OKR_SUBSCRIBER_USER,Contracts for Rights (Obsolete)
OLD OTC Time and Expenses OLD,Time and Labor Engine
OMR12RESP,Order Management
OP Sys Admin,Provisioning
OPM Financials,Process Manufacturing Financials
OPM Inventory (Read Only),Process Manufacturing Inventory
OPM Logistics,Process Manufacturing Logistics
OPM Logistics with Graphical Process Navigator,Process Manufacturing Logistics
OPM Material Planner,Process Manufacturing Process Planning
OPM Mfg Accounting Controller (Read Only),Process Manufacturing Financials
OPM Process Execution,Process Manufacturing Process Execution
OPM Process Planning,Process Manufacturing Process Planning
OPM Product Development,Process Manufacturing Product Development
OPM Quality Responsibility - Do Not use,Process Manufacturing Product Development
OPM Regulatory,Process Manufacturing Regulatory Management
OPM Regulatory Management,Process Manufacturing Regulatory Management
OPM Supply Chain Planner,Process Manufacturing Process Planning
OPM System Administration,Process Manufacturing Systems
OPMR12GMA,Process Manufacturing Systems
OPMR12GMF,Process Manufacturing Financials
OPMR12GMI,Process Manufacturing Inventory
OSS Administrative Admission Self Service,Student System
OSS Administrative Advisor Self Service,Student System
OSS Administrative Recruiter Self Service,Student System
OSS Administrative Recruiter Self Service - Obsolete,Student System
OSS Administrator Self Service,Student System
OSS Advisor Self Service,Student System
OSS Alumni Self Service,Student System
OSS Applicant Self Service,Student System
OSS Faculty Self Service,Student System
OSS Former Student Self Service,Student System
OSS Guest Self Service,Student System
OSS Recruiter Self Service,Student System
OSS Recruiter Self Service - Obsolete,Student System
OSS Registrar: Faculty Support Self Service,Student System
OSS Registrar: Student Support Self Service,Student System
OSS Student Self Service,Student System
OTL Advanced Process Administrator,Time and Labor Engine
OTL Limited Timekeeper,Time and Labor Engine
OTL Super Administrator,Time and Labor Engine
OTL Super Timekeeper,Time and Labor Engine
OTL Timekeeper,Time and Labor Engine
One-to-One Fulfillment Administrator,CRM Foundation
Online Expenditure Review,Projects
Operations Intelligence (Obsolete),Applications BIS
Operations Manager,Projects
Oracle Banking Center Administration,Banking Center (obsolete)
Oracle Banking Center End User,Banking Center (obsolete)
Oracle Business Intelligence Administrator,Applications BIS
Oracle Configurator Administrator,Configurator
Oracle Configurator Developer,Configurator
Oracle Configurator Development Manager,Configurator
Oracle Configurator UI Developer,Configurator
Oracle Configurator Viewer,Configurator
Oracle Content Manager,Content Manager
Oracle Customer Data Librarian,Customers Online
Oracle Customer Data Librarian Superuser,Customers Online
Oracle Customers Online Forms Access,Customers Online
Oracle Customers Online Import (Obsolete),Customers Online
Oracle Customers Online Superuser,Customers Online
Oracle Customers Online User,Customers Online
Oracle Deal Management Administrator,Oracle Deal Management
Oracle Deal Management User,Oracle Deal Management
Oracle Diagnostics Tool,CRM Foundation
Oracle Field Service / Laptop Custom,Field Service/Laptop
Oracle Field Service / Palm Custom,Field Service/Palm
Oracle Fulfillment Core User,Fulfillment Services (Obsolete)
Oracle Fulfillment Services Administrator,Fulfillment Services (Obsolete)
Oracle Fulfillment Services Forms Administrator,Fulfillment Services (Obsolete)
Oracle Fulfillment Super User,Fulfillment Services (Obsolete)
Oracle Grants Proposal Self Service,Grants Proposal
Oracle ICM Discoverer Reports,Internal Controls Manager
Oracle Install Base Intelligence Admin,Install Base Intelligence (Obsolete)
Oracle Install Base Intelligence User,Install Base Intelligence (Obsolete)
Oracle Install Base Service User,Install Base
Oracle Installed Base Admin,Install Base
Oracle Installed Base Agent User,Install Base
Oracle Installed Base Customer,Install Base
Oracle Installed Base HTML Service User,Install Base
Oracle Installed Base Sales User,Install Base
Oracle Installed Base User,Install Base
Oracle Inventory,Inventory
Oracle Learning Management Administrator,Learning Management
Oracle Marketing Administrator,Marketing
Oracle Marketing Super User,Marketing
Oracle Network Logistics,Network Logistics - NATS (obsolete)
Oracle Price Protection Administrator,Oracle Price Protection
Oracle Price Protection User,Oracle Price Protection
Oracle Pricing Administrator,Advanced Pricing
Oracle Pricing Manager,Advanced Pricing
Oracle Pricing User,Advanced Pricing
Oracle RHYTHM DP Test,Advanced Planning Foundation(obsolete)
Oracle RHYTHM Demand Planner,Master Scheduling/MRP
Oracle RHYTHM Planning GUI,Master Scheduling/MRP
Oracle Sales Administrator,Sales Foundation
Oracle Sales for Communication,Sales for Communications (Obsolete)
Oracle Sales for Communications,Sales for Communications (Obsolete)
Oracle Service for Communications,Service for Communications (obsolete)
Oracle Student Recruiting Super User,Student System
Oracle Student System Super User,Student System
Oracle Student System for SEED Maintenance,Student System
Oracle Tax Simulator,E-Business Tax
Oracle Trade Management Administrator,Trade Management
Oracle Trade Management User,Trade Management
Oracle Web ADI,Web Applications Desktop Integrator
Order Admin (Obsolete),Payments
Order Capture - Sales Agent,Order Capture
Order Capture - Sales Manager,Order Capture
Order Entry Administrator,Order Entry
Order Entry Super User,Order Entry
Order Information Super User,Order Management
Order Management - 3A6 Administrator,Supply Chain Trading Connector for RosettaNet
Order Management HTML Super User,Order Management
Order Management Super User,Order Management
Outbound Telephony Manager,Interaction Center Intelligence
PAC Purchasing,Purchasing
PAC Purchasing(Do not Use),Purchasing
PL HR Manager,Human Resources
PL HRMS Manager,Human Resources
PL Payroll Manager,Human Resources
PL SHRMS Manager,Human Resources
PMI Company QAN1,Process Manufacturing Intelligence
PMI Inventory Manager,Process Manufacturing Intelligence
PMI Production Manager,Process Manufacturing Intelligence
POS Supplier Guest User,iSupplier Portal
POS Supplier Guest User (not used),iSupplier Portal
PRM concurrent requests,Partner Management
PS Budget Super User,Public Sector Budgeting
PS Budget User,Public Sector Budgeting
PSA Administrator,Public Sector Financials
PSP Effort Report Notification,Labor Distribution
PV Partner,Partner Management
Partner Admin,Partner Management
Partner Business User,Partner Management
Partner Information (by Customer),Oracle iProcurement
Partner Primary User,Partner Management
Partner Super User,Partner Management
Partner User,Partner Management
Payables Inquiry,Payables
Payables Manager,Payables
Payables Manager-Pay,Payables
Payables Operations Analysis,Financial Intelligence
Payables Purge,Payables
Payables Requests,Payables
Payment Administrator (Obsolete),Payments
Payments Setup Administrator,Payments
Payments and Credits (Full Access),Oracle iProcurement
Payments and Credits (by Customer),Oracle iProcurement
Payroll Professional,Human Resources
Pending Approval,CRM Foundation
Performance Management Administrator,Balanced Scorecard
Performance Management Database Administrator,Balanced Scorecard
Performance Management Designer,Balanced Scorecard
Performance Management Framework (Full Access),Applications BIS
Performance Management Framework (Targets Access),Applications BIS
Performance Management Security Administrator,Balanced Scorecard
Performance Management User,Balanced Scorecard
Picasso HTML User,CRM Foundation
Picasso Wireless,CRM Foundation
Plan Administrator,Incentive Compensation
Plan Inquiries,Oracle iProcurement
Plan to Pay Supplier View,iSupplier Portal
Plan to Pay Supplier View - TEMP,iSupplier Portal
"Plan, Source, Pay Supplier View",iSupplier Portal
Planner Workbench (Collaborative Planning User),Advanced Supply Chain Planning
Planning Demo,Advanced Supply Chain Planning
Polish AP Localizations,European Localizations
Polish AR Localizations,European Localizations
Polish GL Localizations,European Localizations
Portfolio Administrator,Student System
Portfolio Career Center,Student System
Portfolio Guest Viewer,Student System
Portfolio Registered Viewer,Student System
Portfolio User,Student System
Portuguese AP Localizations,European Localizations
Portuguese AR Localizations,European Localizations
Portuguese GL Localizations,European Localizations
Preferences SSWA,Oracle iProcurement
Preventive Maintenance,Field Service
Preventive Maintenance Reports,Field Service
Process Engineer,Process Manufacturing Product Development
Process Manufacturing Intellgence,Process Manufacturing Intelligence
Process Manufacturing Intelligence (Obsolete),Process Manufacturing Intelligence
Process Manufacturing Intelligence (SSWA) (Obsolete),Process Manufacturing Intelligence
Process Manufacturing Intelligence(OBSALETE),Process Manufacturing Intelligence
Process Shop floor Operator,Manufacturing Execution System for Process Manufacturing
Procure to Pay Supplier View,iSupplier Portal
Procure-to-Pay Administrator,Oracle iProcurement
Procure-to-Pay Cash Management,Oracle iProcurement
Procure-to-Pay Implementor,Oracle iProcurement
Procure-to-Pay Payable User,Global Accounting Engine
Procure-to-Pay Payables User,Oracle iProcurement
Procure-to-Pay Purchasing User,Oracle iProcurement
Procure-to-Pay Purchasing User,Purchasing
Procurement Cards,Oracle iProcurement
Procurement Cards (Card Profile Administrator),Payables
Procurement Cards (Full Access),Payables
Procurement Cards (Program Administrator),Payables
Procurement Manager,Purchasing Intelligence
Product Collaboration,Advanced Product Catalog
Product Configurator,Bills of Material
Product Development Security - do not use,Process Manufacturing Product Development
Product Development Security Administrator,Process Manufacturing Product Development
Product Development Security Manager,Process Manufacturing Product Development
Product Development Security Profile Manager,Process Manufacturing Product Development
Product Information Management Data Librarian,Advanced Product Catalog
Product Information Manager,Advanced Product Catalog
Product Manager,Product Intelligence
Production Information,Oracle iProcurement
Production Operator,Process Manufacturing Process Execution
Production Scheduler,Advanced Supply Chain Planning
Production Supervisor,Process Manufacturing Process Execution
Products and Orders (Full Access),Oracle iProcurement
Products and Orders (Guest Access),Oracle iProcurement
Products and Orders (by Customer Contact),Oracle iProcurement
Profit Center Manager (obsoleted),Financial Intelligence
Profit and Loss Analysis,Financial Intelligence
Profitability Manager,Oracle Profitability Manager
Profitability Manager Administrator,Oracle Profitability Manager
Profitability Manager with Activity-Based Management,Oracle Profitability Manager
Profitability Manager with Activity-Based Management - Administrator,Oracle Profitability Manager
Program Manager,Advanced Product Catalog
Project Administrator,Projects
Project Billing Reporting Currency User,Projects
Project Billing Super User,Projects
Project Contracts Super User,Project Contracts
Project Contracts User,Project Contracts
Project Control (Full Access),Oracle iProcurement
Project Control (by Employee),Oracle iProcurement
Project Costing Reporting Currency User,Projects
Project Costing Super User,Projects
Project Engineer,Advanced Product Catalog
Project Engineer - Portal,Advanced Product Catalog
Project Executive,Project Intelligence
Project Executive Portal,Project Intelligence
Project Finance Manager,Projects
Project Information (by Customer),Oracle iProcurement
Project Intelligence Administrator,Project Intelligence
Project Intelligence Superuser,Project Intelligence
Project Manager,Projects
Project Manager Responsibility,Projects
Project Manufacturing Inquiry,Project Manufacturing
Project Manufacturing Super User,Project Manufacturing
Project Manufacturing for AX,Global Accounting Engine
Project Portfolio Analysis,Project Portfolio Analysis
Project Resource Management Super User Obsolete,Projects
Project Super User,Projects
Projects Implementation Superuser,Projects
Projects System Administrator Obsolete,Projects
Property Manager,Property Manager
Property Manager Super User,Property Manager
Property Manager Web Applications,Property Manager
Proposals Administration,Proposals
Proposals Administrator,Proposals
Proposals User,Proposals
Public Sector AR Trade Accounting,Receivables
Public Sector General Ledger Budget Supervisor,General Ledger
Public Sector General Ledger Budget User,General Ledger
Public Sector General Ledger CENTRA Subsidiary Super User,General Ledger
Public Sector General Ledger CENTRA User,General Ledger
Public Sector General Ledger Controller,General Ledger
Public Sector General Ledger EURO Super User,General Ledger
Public Sector General Ledger EURO User,General Ledger
Public Sector General Ledger Super User,General Ledger
Public Sector General Ledger Supervisor,General Ledger
Public Sector General Ledger User,General Ledger
Public Sector Payables Inquiry,Payables
Public Sector Payables Manager,Payables
Public Sector Payables Purge,Payables
Public Sector Purchasing Buyer,Purchasing
Public Sector Purchasing Intelligence User,Purchasing
Public Sector Purchasing Receiver,Purchasing
Public Sector Purchasing Requester,Purchasing
Public Sector Purchasing Super User,Purchasing
Public Sector Receivables Archive and Purge,Receivables
Public Sector Receivables Inquiry,Receivables
Public Sector Receivables Manager,Receivables
Public Sector iReceivables,Receivables
Public Sector iReceivables 2.0 Internal,Receivables
Public Sector iReceivables Account Management,Receivables
Public Sector iReceivables Internal,Receivables
Purchasing,Oracle iProcurement
Purchasing - OPM France,Purchasing
Purchasing - OPM Rio De Janiero,Purchasing
Purchasing - OPM Southern,Purchasing
Purchasing Buyer,Purchasing
Purchasing Intelligence,Applications BIS
Purchasing Intelligence - Enterprise Data Warehouse,Purchasing Intelligence
Purchasing Intelligence - Enterprise Data Warehouse (D&B enabled),Purchasing Intelligence
Purchasing Intelligence Survey,Oracle iProcurement
Purchasing Intelligence User,Purchasing
Purchasing Manager OPM EAST,Purchasing
Purchasing Receiver,Purchasing
Purchasing Requester,Purchasing
Purchasing Super User,Purchasing
Purchasing for AX,Purchasing
"Purchasing, Vision ADB (USA)",Purchasing
"Purchasing, Vision Distributions (SNG)",Purchasing
"Purchasing, Vision Operations (USA)",Purchasing
"Purchasing, Vision Project Mfg (MRC)",Purchasing
"Purchasing, Vision Services (USA)",Purchasing
Quality,Quality
Quality - New Stuff,Quality
Quality Inquiry,Quality
Quality Intelligence,Supply Chain Intelligence
Quality Manager,Process Manufacturing Product Development
Quality Restricted OM User,Quality
Quality Skip Lot,Quality
Quality Technician,Process Manufacturing Product Development
Quality Workbench,Quality
Quick Customer,Receivables
Quoting Reports,Order Capture
Quoting Sales Agent,Order Capture
Quoting Sales Manager,Order Capture
Quoting User,Quoting
RU HRMS Manager,Human Resources
Receivables Archive and Purge,Receivables
Receivables Inquiry,Receivables
Receivables Manager,Receivables
Receivables Operations Analysis,Financial Intelligence
Referral User,Partner Management
Registration,Oracle iProcurement
Regulatory Document Management,Process Manufacturing Regulatory Management
Release Management,Release Management
Report Manager,Report Manager
Report eXchange Designer,Assets
Representative YEA,Payroll
Requisitions,Oracle iProcurement
Requisitions (Full Access),Oracle iProcurement
Requisitions (by Preparer),Oracle iProcurement
Requisitions (by Requestor),Oracle iProcurement
Resource Manager,Projects
Resource Self Service Administrator,CRM Foundation
Responsibility Ownership,Human Resources
Revenue Management Super User,Receivables
Revenue and Expenses (Obsoleted),Financial Intelligence
Revenue and Expenses (obseleted),Financial Intelligence
Rights Contracts Administrator,Contracts for Rights (Obsolete)
Rights Contracts User,Contracts for Rights (Obsolete)
Risk Management Super User - Forms,Risk Management
Risk Management Super User - Web,Risk Management
Risk Management View Only - Forms,Risk Management
Risk Management View Only - Web,Risk Management
SEVIS Administrator,Student System
SFM Customer Care Administrator,Provisioning
SFM System Administrator,Provisioning
SFM WEB User,Provisioning
SFM Web Admin,Provisioning
SG IRASLINE Self Service,Human Resources
SLA Purchasing,Purchasing
Sales Administrator,Sales
Sales Analysis,Sales Intelligence
Sales Comp DBI Administrator,Incentive Compensation
Sales Compensation Analyst,Incentive Compensation
Sales Compensation Exception Report,Incentive Compensation
Sales Compensation Operational Report,Incentive Compensation
Sales Compensation Performance Report,Incentive Compensation
Sales Compensation Performance Report (Manager),Incentive Compensation
Sales Compensation Report Analyst,Incentive Compensation
Sales Compensation Report Super User,Incentive Compensation
Sales Compensation Super User,Incentive Compensation
"Sales Compensation, Vision Operations (USA)",Incentive Compensation
Sales Contracts Workbench Administrator,Contracts Core
Sales Contracts Workbench User,Contracts Core
Sales Force Incentive Compensation User,Incentive Compensation
Sales Manager,Sales Intelligence
Sales Manager,CRM Foundation
Sales Manager,Sales Foundation
Sales Manager (Obsoleted),Financial Intelligence
Sales Online Executive,Sales Online
Sales Online Manager,Sales Online
Sales Online SuperUser,Sales Online
Sales Online User,Sales Online
Sales Online Wireless User,Sales Online
Sales User,Sales
"Sales and Marketing, Vision Operations (USA)",Sales Foundation
Sales and Operations Planner,Demand Planning
Sales and Operations Planning Analyst,Advanced Supply Chain Planning
Sales and Operations Planning Manager,Demand Planning
Sales and Operations Planning Planner,Demand Planning
Sales and Operations Planning System Administrator,Demand Planning
Sales and Operations Planning System Administrator - Old,Demand Planning
Sales for Comms Administration,Sales for Communications (Obsolete)
Sales for Comms Interaction Center Sales Agent,Sales for Communications (Obsolete)
Sales for Comms Interaction Center Sales Manager,Sales for Communications (Obsolete)
Sales for Comms Super User,Sales for Communications (Obsolete)
Sales for Comms Telemarketing Agent,Sales for Communications (Obsolete)
Salesperson Services (Full Access),Oracle iProcurement
Salesperson Services (by Employee),Oracle iProcurement
Saudi HRMS Manager,Human Resources
Scoring Manager,Applications BIS
Scripting Administrator,Scripting
Scripting User,Scripting
Self Registered Employee Default Responsibility,Oracle iProcurement
Self Registered New User Default Responsibility,Advanced Benefits
Self Service Expenses,Time and Labor Engine
Self Service Internal Trading,Public Sector Financials International
Self Service OTL Administrator,Time and Labor Engine
Self Service Purchasing,Oracle iProcurement
Self Service Time,Time and Labor Engine
Self Service Time and Expenses,Time and Labor Engine
Self-Service Work Requests,Enterprise Asset Management
Senior Collections Agent,Collections
Service,Service
Service Contracts Intelligence Discoverer Administrator,Contracts Intelligence
Service Contracts Intelligence Discoverer User,Contracts Intelligence
Service Contracts Manager,Service Contracts
Service Contracts Manager,Contracts Intelligence
Service Contracts Online Acceptance,Service Contracts
Service Contracts User,Service Contracts
Service Desk Analyst,Service
Service Intelligence,Customer Intelligence (obsolete)
Service Intelligence Collection Manager,Service Intelligence
Service Intelligence User,Service Intelligence
Service Inventory Planner,Advanced Supply Chain Planning
Service Online User,Service Intelligence
Service Online User - BIV,Service Intelligence
Service Request HTML Setups,Service
Service Requset HTML Setups,Service
Service Sales Manager,Contracts Intelligence
Service Supply Chain Administrator,Advanced Supply Chain Planning
Service Supply Chain Planner,Advanced Supply Chain Planning
Service and Support (Full Access),Oracle iProcurement
Service and Support (by Customer Contact),Oracle iProcurement
Service and Support (by Customer),Oracle iProcurement
Shipping,Shipping Execution
Shipping,Service
Shipping Delivery Based,Shipping Execution
Shipping Execution,Shipping Execution
Shop Floor Manager,Shop Floor Management
Shop Floor Operator,Shop Floor Management
Shop Floor Workbench,Shop Floor Management
Signing Officer,Internal Controls Manager
Singapore HRMS Manager,Human Resources
Singapore Payables OP2,Asia/Pacific Localizations
Singapore Receivables OP2,Asia/Pacific Localizations
Singaporean General Ledger,Asia/Pacific Localizations
Singaporean Payables,Asia/Pacific Localizations
Singaporean Receivables,Asia/Pacific Localizations
Site Management Administrator,Site Management
Site Management User,Site Management
Site Repository,Site Management
Site Warehouse Administrator,Applications BIS
Slovak AP Localizations,European Localizations
Slovak AR Localizations,European Localizations
Slovak GL Localizations,European Localizations
Source to Pay Supplier View,iSupplier Portal
Sourcing Buyer,Sourcing
Sourcing Manager,Purchasing Intelligence
Sourcing Super User,Sourcing
Sourcing Supplier,Sourcing
Sourcing Team Member,Sourcing
Spanish AP Localizations,European Localizations
Spanish AR Localizations,European Localizations
Spanish GL Localizations,European Localizations
Spares Management,Spares Management
Staffing Manager,Projects
Strategic Planner,Advanced Supply Chain Planning
Subcontracting Super User,Supply Chain Localizations
Subscriber to SFM Service Bureau,Provisioning
Supplier Engineer,Advanced Product Catalog
Supplier Manager,Purchasing Intelligence
Supplier Profile & User Manager,iSupplier Portal
Supplier Profile Administrator,iSupplier Portal
Supplier Profile Manager,iSupplier Portal
Supplier Profile Manager (View-only Contact Directory),iSupplier Portal
Supplier Registration,Oracle iProcurement
Supplier Scheduling,Supplier Scheduling
Supplier Scheduling,Purchasing
Supplier Scheduling GUI_OLD,Purchasing
Supplier Services,Oracle iProcurement
Supplier Services (Full Access),Oracle iProcurement
Supplier Services (by Supplier Site),Oracle iProcurement
Supplier Services (by Supplier),Oracle iProcurement
Supplier User Administrator,iSupplier Portal
Supplier User Management,iSupplier Portal
Supply Chain Analyst,Advanced Supply Chain Planning
Supply Chain Collaboration Administrator,Advanced Supply Chain Planning
Supply Chain Collaboration Manager,Advanced Supply Chain Planning
Supply Chain Collaboration Planner,Advanced Supply Chain Planning
Supply Chain Intelligence - Enterprise Data Warehouse,Applications BIS
Supply Chain Manager,Supply Chain Intelligence
Supply Chain Planner,Master Scheduling/MRP
Supply Chain Planner,Advanced Supply Chain Planning
Supply Chain Reviewer,Advanced Supply Chain Planning
Supply Chain Risk Management Analyst,Advanced Supply Chain Planning
Supply Chain Trading Connector,Supply Chain Trading Connector for RosettaNet
Supply Chain Trading Connector Super User,Supply Chain Trading Connector for RosettaNet
Supply To Order Workbench Manager,Bills of Material
Support Executive,Service Intelligence
Support Manager,Service Intelligence
Survey Administrator,Scripting
Sweden HRMS Manager,Human Resources
Swedish AP Localizations,European Localizations
Swedish AR Localizations,European Localizations
Swedish GL Localizations,European Localizations
Swiss AP Localizations,European Localizations
Swiss AR Localizations,European Localizations
Swiss GL Reports,European Localizations
System Administration,Oracle iProcurement
System Administrator,System Administration
System Administrator for iPayment (Obsolete),Payments
TCA Data Security Administrator,Receivables
Taiwanese Payables,Asia/Pacific Localizations
Taiwanese Receivables,Asia/Pacific Localizations
Tax Administrator,E-Business Tax
Tax Managers,E-Business Tax
Team Member,Projects
TeleMarketing Agent,TeleSales
TeleSales,TeleSales
TeleSales Administrator,TeleSales
TeleSales Agent,TeleSales
TeleSales HTML Application User,TeleSales
TeleSales Manager,TeleSales
Telecommunications Billing Integrator Administrator,Oracle Telecommunications Billing Integrator
Territory Administration Custom,CRM Foundation
Territory Administration HTML,CRM Foundation
Territory Administrator,Sales Foundation
Territory HTML Global Sales Administrator,CRM Foundation
Territory HTML Sales User,CRM Foundation
Territory Lookup Intermediate User,CRM Foundation
Territory Lookup User,CRM Foundation
Territory Management,CRM Foundation
Test,Email Center
Test contract security,Contracts Core
Thai Inventory,Asia/Pacific Localizations
Thai Payables,Asia/Pacific Localizations
Thai Receivables,Asia/Pacific Localizations
Timecards,Oracle iProcurement
Trading Community Manager,Receivables
Training Administrator Self Service,Learning Management
Transportation Execution Carrier User,Transportation Execution
Transportation Execution Manager,Transportation Execution
Transportation Execution Super User,Transportation Execution
Transportation Manager,Transportation Planning
Transportation Planner,Transportation Planning
Transportation Planning Administrator,Transportation Planning
Treasury Back Office Administrator,Treasury
Treasury Cash Manager,Treasury
Treasury Dealer,Treasury
Treasury Foreign Exchange Dealer,Treasury
Treasury Hedging Manager,Treasury
Treasury Inquiry,Treasury
Treasury Middle Office Administrator,Treasury
Treasury Money Market Dealer,Treasury
Treasury Settlements Administrator,Treasury
Treasury Setup Administrator,Treasury
Treasury Superuser,Treasury
Treasury and Risk Management Super User,Risk Management
"Treasury, Cash and Risk Management Superuser",Treasury
Turkish AP Localizations,European Localizations
Turkish AR Localizations,European Localizations
Turkish GL Localizations,European Localizations
UAE HRMS Manager,Human Resources
UK HR Manager,Human Resources
UK HRMS Manager,Human Resources
UK Payroll Manager,Human Resources
UK Super HRMS Manager,Human Resources
US Benefits Manager,Advanced Benefits
US Federal Employee Self Service,US Federal Human Resources
US Federal HR Manager,US Federal Human Resources
US Federal HR Self Service,US Federal Human Resources
US Federal Manager Self Service,US Federal Human Resources
US HR Manager,Human Resources
US HRMS Manager,Human Resources
US OTL Administrator,Time and Labor Engine
US OTL Application Developer,Time and Labor Engine
US Payroll Manager,Human Resources
US Super HRMS Manager,Human Resources
US Time and Labor Rules Manager,Time and Labor
Universal Work Queue - Developer,Universal Work Queue
Universal Work Queue - Work Provider Administration,Universal Work Queue
Universal Work Queue - Work Provider Site-Level Administration,Universal Work Queue
Universal Work Queue Administration,Universal Work Queue
Universal Work Queue Administration - HTML,Universal Work Queue
Universal Work Queue Agent,Universal Work Queue
Universal Work Queue Selector - HTML,Universal Work Queue
User Management,Application Object Library
Vad Admin,Partner Management
Vad User,Partner Management
Vendor Admin,Partner Management
Vendor User,Partner Management
Vice President eCommerce,iStore
"Vice President, Human Resources",Oracle iProcurement
"Vice President, Sales",Oracle iProcurement
Vision Purchasing - OPM Southern,Purchasing
Warehouse Control System Administrator,Warehouse Management
Warehouse Control System User,Warehouse Management
Warehouse Manager,Warehouse Management
Web Analytics Administrator,Oracle Web Analytics
Web Phone Simulation,Telephony Manager
Web Site Manager,iStore
Wireless Sales Administrator,Oracle Sales for Handhelds
Work in Process,Work in Process
Work in Process for AX,Work in Process
Workflow,Oracle iProcurement
Workflow Administrator,Application Object Library
Workflow Administrator Event Manager,Application Object Library
Workflow Administrator Web (New),Application Object Library
Workflow Administrator Web Applications,Application Object Library
Workflow User Web (New),Application Object Library
Workflow User Web Applications,Application Object Library
Workforce Budget Manager,Human Resources Intelligence
Worklist Timecard Approval,Time and Labor Engine
XML Gateway,XML Gateway
XML Publisher Administrator,XML Publisher
XNS System Administrator,Service for Communications (obsolete)
ZA HRMS Manager,Human Resources
ZA Super HRMS Manager,Human Resources
ZX Bulk Testing Tool Responsability,E-Business Tax
e-Commerce Gateway,e-Commerce Gateway
iAssets Manager,iAssets
iAssets Setup Administrator,iAssets
iAssets User,iAssets
iB&P CSR,CRM Foundation
iB&P Direct Payee Admin,CRM Foundation
iB&P Payee Admin,CRM Foundation
iB&P Site Admin,CRM Foundation
iMarketing  Super User,iMarketing (Obsolete)
iMarketing - Web Marketing Manager,iMarketing (Obsolete)
iMarketing - Web Site Marketing Manager,iMarketing (Obsolete)
iMarketing Administrator,iMarketing (Obsolete)
iMeeting End User responsibility,iMeeting (obsolete)
iMeeting Guest user responsibility,iMeeting (obsolete)
iMeeting System Configure responsibility,iMeeting (obsolete)
iMeeting System Monitor responsibility,iMeeting (obsolete)
iPayment Payment Administrator (Obsolete),Payments
iPayment for Payroll Clerk (Obsolete),Payments
iPayment for Receivables Clerk (Obsolete),Payments
iProcurement,Oracle iProcurement
iProcurement Catalog Administration,Oracle iProcurement
iProcurement Super User,Purchasing
iReceivables,Receivables
iReceivables 2.0 Anonymous Internal,Receivables
iReceivables 2.0 Internal,Receivables
iReceivables Account Management,Receivables
iReceivables Internal,Receivables
iReceivables Registration Responsibility,Receivables
iReceivables Setup,Receivables
iRecruitment Advanced Manager,Human Resources
iRecruitment Agency,Human Resources
iRecruitment Employee,Human Resources
iRecruitment Employee Candidate,Human Resources
iRecruitment Employee Site Visitor,Human Resources
iRecruitment External Candidate,Human Resources
iRecruitment External Site Visitor,Human Resources
iRecruitment HRMS Manager,Human Resources
iRecruitment Manager,Human Resources
iRecruitment Recruiter,Human Resources
iSetup,Application Implementation
iSignatures Administrator,E-Records
iSignatures User,E-Records
iStore Administrator,iStore
iStore Concurrent Programs Responsibility,iStore
iStore Quick Start User,iStore
iStore Self Service Administrator,iStore
iStore and Content Administrator,iStore
iSupplier Portal Full Access,iSupplier Portal
iSupplier Portal Internal View,iSupplier Portal
iSupplier Registration,iSupplier Portal
iSupport Administrator,iSupport
iSupport Authenticated Guest User,iSupport
iSupport Business User,iSupport
iSupport Employee User,iSupport
iSupport Guest User,iSupport
iSupport Guest User - Old,iSupport
iSupport Individual User,iSupport
iSupport Normal User,iSupport
iSupport Primary User,iSupport
iSupport Self-Service Helpdesk,iSupport
iSupport Site: Business User,iSupport
iSupport Site: Guest User,iSupport
iSupport Site: Individual User,iSupport
iSupport Site: Primary User,iSupport
iSupport System Administrator,iSupport
iSurvey User,Scripting
