Austin,1a
Austin,1a2a
Austin,1a2aX
Sao Paulo,1a2b
San Jose,1a2c
Austin,1a2a3a
Austin,1a2a3b
Austin,1a2a3c
Austin,1a2a3d
Sao Paulo,1a2b3a
Sao Paulo,1a2b3b
Sao Paulo,1a2b3c
Sao Paulo,1a2b3d
San Jose,1a2c3a
San Jose,1a2c3b
San Jose,1a2c3c
San Jose,1a2c3d
Austin,1a2a3a4a
Austin,1a2a3a4b
Austin,1a2a3a4e
Austin,1a2a3b4a
Austin,1a2a3b4b
Austin,1a2a3b4e
Austin,1a2a3c4a
Austin,1a2a3c4b
Austin,1a2a3c4e
Austin,1a2a3d4a
Austin,1a2a3d4b
Austin,1a2a3d4e
Sao Paulo,1a2b3a4a
Sao Paulo,1a2b3a4b
Sao Paulo,1a2b3a4e
Sao Paulo,1a2b3b4a
Sao Paulo,1a2b3b4b
Sao Paulo,1a2b3b4e
Sao Paulo,1a2b3c4a
Sao Paulo,1a2b3c4b
Sao Paulo,1a2b3c4e
Sao Paulo,1a2b3d4a
Sao Paulo,1a2b3d4b
Sao Paulo,1a2b3d4e
San Jose,1a2c3a4a
San Jose,1a2c3a4b
San Jose,1a2c3a4e
San Jose,1a2c3b4a
San Jose,1a2c3b4b
San Jose,1a2c3b4e
San Jose,1a2c3c4a
San Jose,1a2c3c4b
San Jose,1a2c3c4e
San Jose,1a2c3d4a
San Jose,1a2c3d4b
San Jose,1a2c3d4e
Brussels,1b
Brussels,1b2a
Munich,1b2b
London,1b2c
Brussels,1b2a3a
Brussels,1b2a3b
Brussels,1b2a3c
Brussels,1b2a3d
Munich,1b2b3a
Munich,1b2b3b
Munich,1b2b3c
Munich,1b2b3d
London,1b2c3a
London,1b2c3b
London,1b2c3c
London,1b2c3d
Brussels,1b2a3a4a
Brussels,1b2a3a4b
Brussels,1b2a3a4e
Brussels,1b2a3b4a
Brussels,1b2a3b4b
Brussels,1b2a3b4e
Brussels,1b2a3c4a
Brussels,1b2a3c4b
Brussels,1b2a3c4e
Brussels,1b2a3d4a
Brussels,1b2a3d4b
Brussels,1b2a3d4e
Munich,1b2b3a4a
Munich,1b2b3a4b
Munich,1b2b3a4e
Munich,1b2b3b4a
Munich,1b2b3b4b
Munich,1b2b3b4e
Munich,1b2b3c4a
Munich,1b2b3c4b
Munich,1b2b3c4e
Munich,1b2b3d4a
Munich,1b2b3d4b
Munich,1b2b3d4e
London,1b2c3a4a
London,1b2c3a4b
London,1b2c3a4e
London,1b2c3b4a
London,1b2c3b4b
London,1b2c3b4e
London,1b2c3c4a
London,1b2c3c4b
London,1b2c3c4e
London,1b2c3d4a
London,1b2c3d4b
London,1b2c3d4e
Singapore,1c
Singapore,1c2a
Tokyo,1c2b
Taipei,1c2c
Singapore,1c2a3a
Singapore,1c2a3b
Singapore,1c2a3c
Singapore,1c2a3d
Tokyo,1c2b3a
Tokyo,1c2b3b
Tokyo,1c2b3c
Tokyo,1c2b3d
Taipei,1c2c3a
Taipei,1c2c3b
Taipei,1c2c3c
Taipei,1c2c3d
Singapore,1c2a3a4a
Singapore,1c2a3a4b
Singapore,1c2a3a4e
Singapore,1c2a3b4a
Singapore,1c2a3b4b
Singapore,1c2a3b4e
Singapore,1c2a3c4a
Singapore,1c2a3c4b
Singapore,1c2a3c4e
Singapore,1c2a3d4a
Singapore,1c2a3d4b
Singapore,1c2a3d4e
Tokyo,1c2b3a4a
Tokyo,1c2b3a4b
Tokyo,1c2b3a4e
Tokyo,1c2b3b4a
Tokyo,1c2b3b4b
Tokyo,1c2b3b4e
Tokyo,1c2b3c4a
Tokyo,1c2b3c4b
Tokyo,1c2b3c4e
Tokyo,1c2b3d4a
Tokyo,1c2b3d4b
Tokyo,1c2b3d4e
Taipei,1c2c3a4a
Taipei,1c2c3a4b
Taipei,1c2c3a4e
Taipei,1c2c3b4a
Taipei,1c2c3b4b
Taipei,1c2c3b4e
Taipei,1c2c3c4a
Taipei,1c2c3c4b
Taipei,1c2c3c4e
Taipei,1c2c3d4a
Taipei,1c2c3d4b
Taipei,1c2c3d4e
